year,site,tray,pos,genotype,fruit_per_plant,nseeds,mean_mass_ug,total_mass_mg,Comment
2010,italy,1,5,italy,39,,,,
2010,italy,1,12,sweden,0,,,,
2010,italy,1,114,sweden,8,24,22.0833333333,530,
2010,italy,1,123,italy,19,34,24.1176470588,820,
2010,italy,1,143,italy,8,23,13.4782608696,310,xxx
2010,italy,1,149,italy,6,,,,
2010,italy,1,156,sweden,0,,,,
2010,italy,1,226,italy,0,,,,
2010,italy,1,247,italy,0,,,,
2010,italy,1,252,sweden,5,19,22.6315789474,430,
2010,italy,1,257,sweden,11,30,23,690,
2010,italy,2,61,italy,23,,,,
2010,italy,2,109,sweden,7,,,,
2010,italy,2,157,italy,28,,,,
2010,italy,2,162,italy,10,,,,
2010,italy,2,178,italy,30,,,,
2010,italy,2,181,sweden,5,,,,
2010,italy,2,190,sweden,0,,,,
2010,italy,2,253,italy,9,,,,
2010,italy,3,1,italy,6,,,,
2010,italy,3,12,sweden,0,,,,
2010,italy,3,26,sweden,0,,,,
2010,italy,3,83,italy,10,24,25,600,
2010,italy,3,105,italy,50,51,23.9215686275,1220,
2010,italy,3,147,italy,9,28,23.9285714286,670,
2010,italy,3,164,sweden,0,,,,
2010,italy,3,199,sweden,6,17,21.7647058824,370,
2010,italy,3,209,sweden,6,,,,grön frukt
2010,italy,3,249,sweden,5,,,,
2010,italy,3,256,italy,92,47,24.6808510638,1160,
2010,italy,4,18,italy,8,17,22.9411764706,390,
2010,italy,4,20,sweden,0,,,,
2010,italy,4,23,sweden,2,,,,
2010,italy,4,24,sweden,0,,,,
2010,italy,4,29,sweden,0,,,,
2010,italy,4,36,italy,19,43,22.7906976744,980,
2010,italy,4,61,italy,12,,,,
2010,italy,4,77,italy,6,,,,
2010,italy,4,94,sweden,0,,,,
2010,italy,4,101,sweden,7,20,20.5,410,
2010,italy,4,120,sweden,4,21,10,210,
2010,italy,4,158,italy,0,,,,
2010,italy,4,173,italy,35,41,24.1463414634,990,
2010,italy,4,178,sweden,0,,,,
2010,italy,4,187,sweden,0,,,,
2010,italy,4,210,italy,34,41,24.3902439024,1000,
2010,italy,4,243,sweden,0,,,,
2010,italy,4,246,sweden,0,,,,
2010,italy,5,11,sweden,0,,,,
2010,italy,5,15,sweden,2,,,,
2010,italy,5,36,italy,18,17,23.5294117647,400,
2010,italy,5,57,italy,16,33,23.9393939394,790,
2010,italy,5,68,sweden,0,,,,
2010,italy,5,86,sweden,0,,,,
2010,italy,5,116,italy,14,,,,NSeed = 0
2010,italy,5,128,sweden,0,,,,
2010,italy,5,129,italy,17,40,21.75,870,2 st trasiga frön
2010,italy,5,142,italy,14,36,23.6111111111,850,
2010,italy,5,153,italy,26,42,25,1050,
2010,italy,5,211,sweden,0,,,,
2010,italy,5,230,italy,47,53,26.4150943396,1400,
2010,italy,5,233,italy,7,,,,
2010,italy,5,239,italy,9,26,18.0769230769,470,
2010,italy,5,254,italy,40,44,24.0909090909,1060,
2010,italy,6,25,italy,24,40,9.5,380,
2010,italy,6,101,italy,19,,,,
2010,italy,6,141,italy,20,,,,
2010,italy,6,148,sweden,0,,,,
2010,italy,6,153,italy,25,41,19.756097561,810,
2010,italy,6,220,italy,27,41,18.7804878049,770,
2010,italy,6,238,sweden,3,,,,NSeed = 0
2010,italy,6,244,sweden,0,,,,
2010,italy,7,27,italy,20,27,22.962962963,620,
2010,italy,7,37,italy,57,51,26.4705882353,1350,
2010,italy,7,45,italy,8,,,,
2010,italy,7,109,italy,0,,,,
2010,italy,7,136,sweden,0,,,,
2010,italy,7,207,italy,41,27,27.7777777778,750,
2010,italy,7,231,sweden,0,,,,
2010,italy,7,235,italy,104,58,26.0344827586,1510,
2010,italy,7,260,italy,8,26,15.3846153846,400,
2010,italy,8,41,sweden,0,,,,
2010,italy,8,58,italy,56,40,29.75,1190,"1 frö med ett lager vitt ""ludd"", ev. Från mellanväggen."
2010,italy,8,126,sweden,0,,,,
2010,italy,8,180,sweden,0,,,,
2010,italy,8,184,italy,15,31,22.5806451613,700,
2010,italy,8,210,sweden,0,,,,
2010,italy,8,216,sweden,0,,,,
2010,italy,8,224,sweden,8,23,20.8695652174,480,
2010,italy,8,228,italy,33,35,24,840,
2010,italy,8,252,italy,21,40,26.75,1070,
2010,italy,9,48,sweden,0,,,,
2010,italy,9,58,sweden,3,,,,
2010,italy,9,74,sweden,3,,,,
2010,italy,9,108,sweden,6,,,,
2010,italy,9,122,sweden,0,,,,
2010,italy,9,125,sweden,0,,,,
2010,italy,9,146,sweden,0,,,,
2010,italy,9,147,sweden,0,,,,
2010,italy,9,153,sweden,0,,,,
2010,italy,9,155,sweden,0,,,,
2010,italy,9,156,italy,32,48,22.5,1080,3 skal
2010,italy,9,165,sweden,0,,,,
2010,italy,9,190,italy,8,,,,
2010,italy,9,209,sweden,0,,,,
2010,italy,9,220,sweden,0,,,,
2010,italy,9,260,italy,28,36,27.2222222222,980,
2010,italy,10,15,italy,9,,,,
2010,italy,10,64,sweden,0,,,,
2010,italy,10,66,italy,7,,,,
2010,italy,10,85,sweden,0,,,,
2010,italy,10,111,sweden,0,,,,
2010,italy,10,137,italy,8,,,,
2010,italy,10,155,sweden,0,,,,
2010,italy,10,157,italy,12,,,,
2010,italy,10,198,italy,17,,,,
2010,italy,10,206,sweden,0,,,,
2010,italy,10,207,italy,72,49,18.5714285714,910,
2010,italy,10,232,italy,0,,,,
2010,italy,10,240,sweden,0,,,,
2010,italy,10,242,italy,20,,,,
2010,italy,11,27,italy,16,28,22.8571428571,640,
2010,italy,11,34,italy,7,,,,
2010,italy,11,70,italy,17,30,24,720,
2010,italy,11,73,italy,15,34,28.2352941176,960,
2010,italy,11,106,sweden,0,,,,
2010,italy,11,107,sweden,0,,,,
2010,italy,11,130,sweden,0,,,,
2010,italy,11,209,italy,20,33,25.1515151515,830,
2010,italy,11,234,sweden,0,,,,
2010,italy,11,249,italy,57,49,25.306122449,1240,
2010,italy,12,16,sweden,9,25,25.6,640,
2010,italy,12,25,italy,11,27,25.5555555556,690,
2010,italy,12,40,italy,18,30,30.6666666667,920,
2010,italy,12,78,sweden,0,,,,
2010,italy,12,84,sweden,0,,,,
2010,italy,12,87,sweden,2,,,,Inga fröskal eller mellanvägg i kuvertet.
2010,italy,12,91,italy,15,31,27.0967741935,840,
2010,italy,12,116,italy,36,47,28.5106382979,1340,
2010,italy,12,136,sweden,24,39,23.5897435897,920,
2010,italy,12,140,italy,1,,,,
2010,italy,12,156,italy,14,,,,
2010,italy,12,219,italy,11,29,15.1724137931,440,
2010,italy,12,222,sweden,0,,,,
2010,italy,12,245,italy,29,48,32.0833333333,1540,
2010,italy,12,248,sweden,11,,,,NSeed = 0
2010,italy,13,22,sweden,0,,,,
2010,italy,13,55,italy,12,,,,
2010,italy,13,83,sweden,8,,,,
2010,italy,13,97,italy,11,,,,
2010,italy,13,104,italy,20,31,29.0322580645,900,
2010,italy,13,135,italy,8,,,,
2010,italy,13,159,sweden,0,,,,
2010,italy,13,179,sweden,8,22,24.0909090909,530,
2010,italy,13,181,italy,7,,,,
2010,italy,13,221,sweden,3,,,,
2010,italy,14,26,sweden,0,,,,
2010,italy,14,46,sweden,0,,,,
2010,italy,14,59,italy,226,55,24.7272727273,1360,
2010,italy,14,76,italy,144,59,26.2711864407,1550,
2010,italy,14,86,italy,25,35,27.4285714286,960,
2010,italy,14,91,sweden,0,,,,
2010,italy,14,103,italy,72,52,28.2692307692,1470,
2010,italy,14,119,sweden,0,,,,
2010,italy,14,124,sweden,6,,,,
2010,italy,14,132,sweden,0,,,,
2010,italy,14,196,italy,110,49,24.693877551,1210,
2010,italy,14,218,italy,133,34,28.5294117647,970,
2010,italy,15,73,sweden,0,,,,
2010,italy,15,97,sweden,0,,,,
2010,italy,15,127,italy,0,,,,
2010,italy,15,158,italy,108,37,18.3783783784,680,
2010,italy,15,163,sweden,0,,,,
2010,italy,15,189,sweden,0,,,,
2010,italy,15,203,italy,28,40,30,1200,
2010,italy,15,225,sweden,0,,,,
2010,italy,15,228,sweden,0,,,,
2010,italy,15,238,sweden,0,,,,
2010,italy,15,250,italy,108,51,19.4117647059,990,
2010,italy,15,257,italy,0,,,,
2010,italy,16,11,sweden,0,,,,
2010,italy,16,17,italy,46,32,21.875,700,
2010,italy,16,18,italy,1,3,20,60,
2010,italy,16,21,sweden,0,,,,
2010,italy,16,113,sweden,0,,,,
2010,italy,16,117,sweden,0,,,,
2010,italy,16,130,sweden,0,,,,
2010,italy,16,156,sweden,0,,,,
2010,italy,16,207,sweden,0,,,,
2010,italy,17,35,italy,17,25,27.2,680,
2010,italy,17,37,sweden,3,17,27.0588235294,460,
2010,italy,17,41,italy,123,53,16.2264150943,860,
2010,italy,17,45,italy,10,32,25,800,
2010,italy,17,54,sweden,0,,,,
2010,italy,17,83,sweden,2,,,,
2010,italy,17,98,sweden,9,30,15.3333333333,460,
2010,italy,17,118,italy,9,,,,
2010,italy,17,121,italy,26,44,19.0909090909,840,
2010,italy,17,122,sweden,7,,,,
2010,italy,17,153,sweden,4,26,14.6153846154,380,
2010,italy,17,169,sweden,0,,,,
2010,italy,17,183,italy,46,29,19.6551724138,570,
2010,italy,17,195,italy,8,,,,
2010,italy,18,14,sweden,2,,,,
2010,italy,18,36,sweden,0,,,,
2010,italy,18,55,italy,58,,,,
2010,italy,18,83,italy,12,29,25.8620689655,750,
2010,italy,18,84,sweden,6,18,23.8888888889,430,"Några frön med vitt ""ludd"" på sig, från mellanväggen?"
2010,italy,18,126,sweden,0,,,,
2010,italy,18,135,sweden,0,,,,
2010,italy,18,154,italy,7,,,,
2010,italy,18,165,sweden,3,17,10,170,
2010,italy,18,166,sweden,4,23,18.6956521739,430,
2010,italy,19,12,sweden,0,,,,
2010,italy,19,55,sweden,0,,,,
2010,italy,19,60,italy,14,20,23.5,470,
2010,italy,19,68,italy,0,,,,
2010,italy,19,94,sweden,0,,,,
2010,italy,19,136,sweden,2,,,,
2010,italy,19,187,italy,0,,,,
2010,italy,19,201,italy,11,32,13.4375,430,
2010,italy,19,202,sweden,0,,,,
2010,italy,19,210,sweden,0,,,,
2010,italy,19,229,italy,13,6,28.3333333333,170,mellanvägg i smulor
2010,italy,19,234,sweden,0,,,,
2010,italy,19,237,sweden,0,,,,
2010,italy,19,249,sweden,0,,,,
2010,italy,20,127,italy,0,,,,
2010,italy,20,128,italy,0,,,,
2010,italy,20,141,italy,0,,,,
2010,italy,20,165,italy,0,,,,
2010,italy,20,197,sweden,0,,,,
2010,italy,20,223,sweden,2,14,19.2857142857,270,
2010,italy,20,224,sweden,0,,,,
2010,italy,20,233,italy,0,,,,
2010,italy,21,4,italy,18,,,,NSeed = 0
2010,italy,21,29,italy,6,,,,
2010,italy,21,57,sweden,0,,,,
2010,italy,21,67,italy,11,,,,
2010,italy,21,99,sweden,0,,,,
2010,italy,21,117,italy,8,,,,
2010,italy,21,125,italy,63,46,23.0434782609,1060,
2010,italy,21,129,italy,0,,,,
2010,italy,21,170,italy,21,36,24.4444444444,880,
2010,italy,21,213,italy,20,39,25.3846153846,990,1 skadat fröskal
2010,italy,21,244,sweden,0,,,,
2010,italy,21,248,italy,0,,,,
2010,italy,22,84,sweden,0,,,,
2010,italy,22,88,italy,4,,,,
2010,italy,22,141,italy,0,,,,
2010,italy,22,150,sweden,0,,,,
2010,italy,22,154,italy,62,44,18.6363636364,820,
2010,italy,22,206,italy,9,15,18.6666666667,280,
2010,italy,22,208,italy,7,,,,
2010,italy,22,224,italy,0,,,,
2010,italy,22,238,italy,6,,,,
2010,italy,22,260,italy,11,17,32.3529411765,550,
2010,italy,23,22,sweden,3,,,,NSeed = 0
2010,italy,23,34,sweden,0,,,,
2010,italy,23,60,italy,11,,,,
2010,italy,23,105,sweden,0,,,,
2010,italy,23,145,italy,7,,,,ingen mellanvägg i kuvertet
2010,italy,23,171,italy,0,,,,
2010,italy,23,217,sweden,0,,,,
2010,italy,23,245,italy,15,15,10.6666666667,160,3 skal i kuvertet
2010,italy,23,248,italy,5,,,,
2010,italy,23,252,sweden,0,,,,
2010,italy,24,17,sweden,9,29,24.4827586207,710,
2010,italy,24,19,sweden,0,,,,
2010,italy,24,31,italy,35,49,27.1428571429,1330,
2010,italy,24,36,sweden,0,,,,
2010,italy,24,45,sweden,0,,,,
2010,italy,24,65,sweden,5,,,,
2010,italy,24,72,italy,14,26,28.4615384615,740,
2010,italy,24,73,italy,4,,,,
2010,italy,24,78,italy,15,31,22.2580645161,690,
2010,italy,24,91,sweden,7,,,,
2010,italy,24,103,italy,40,46,22.1739130435,1020,
2010,italy,24,140,italy,5,11,23.6363636364,260,
2010,italy,24,166,sweden,0,,,,
2010,italy,24,204,sweden,3,,,,
2010,italy,24,211,sweden,4,,,,
2010,italy,24,248,italy,81,54,24.0740740741,1300,
2010,italy,25,26,italy,0,,,,
2010,italy,25,48,italy,5,,,,
2010,italy,25,53,sweden,3,,,,
2010,italy,25,64,italy,3,,,,NSeed = 0
2010,italy,25,70,sweden,0,,,,
2010,italy,25,112,italy,71,45,25.5555555556,1150,
2010,italy,25,113,italy,5,,,,
2010,italy,25,114,sweden,4,,,,inga skal med i kuvertet
2010,italy,25,116,italy,7,,,,NSeed = 0
2010,italy,25,121,sweden,0,,,,
2010,italy,25,141,sweden,0,,,,
2010,italy,25,201,sweden,0,,,,
2010,italy,25,222,sweden,0,,,,
2010,italy,26,13,sweden,0,,,,
2010,italy,26,56,italy,21,38,20,760,
2010,italy,26,71,italy,19,40,15.75,630,
2010,italy,26,78,sweden,1,,,,
2010,italy,26,82,italy,49,49,23.6734693878,1160,1 trasigt frö
2010,italy,26,104,italy,15,14,17.1428571429,240,
2010,italy,26,113,sweden,4,,,,
2010,italy,26,124,sweden,0,,,,
2010,italy,26,133,italy,1,,,,flera frukter
2010,italy,26,149,italy,0,,,,
2010,italy,26,200,sweden,2,,,,
2010,italy,26,242,italy,0,,,,
2010,italy,27,14,italy,11,29,23.1034482759,670,
2010,italy,27,40,sweden,0,,,,
2010,italy,27,55,sweden,4,,,,
2010,italy,27,82,italy,15,,,,NSeed = 0
2010,italy,27,87,italy,53,42,26.4285714286,1110,
2010,italy,27,103,italy,6,,,,
2010,italy,27,109,sweden,5,29,18.9655172414,550,
2010,italy,27,142,sweden,5,19,15.2631578947,290,
2010,italy,27,154,sweden,0,,,,
2010,italy,27,155,sweden,0,,,,
2010,italy,27,172,italy,0,,,,
2010,italy,27,188,sweden,0,,,,
2010,italy,27,190,italy,79,44,16.1363636364,710,
2010,italy,27,226,sweden,0,,,,
2010,italy,27,230,italy,105,27,17.7777777778,480,
2010,italy,28,7,sweden,4,,,,
2010,italy,28,68,italy,6,,,,3 stycken frukter
2010,italy,28,71,italy,10,32,22.8125,730,
2010,italy,28,114,sweden,3,,,,
2010,italy,28,124,italy,46,53,25.6603773585,1360,
2010,italy,28,126,italy,11,,,,
2010,italy,28,137,sweden,2,,,,
2010,italy,28,144,sweden,2,,,,
2010,italy,28,146,italy,0,,,,
2010,italy,28,164,italy,0,,,,
2010,italy,28,197,sweden,6,,,,
2010,italy,28,231,italy,6,,,,
2010,italy,29,14,sweden,0,,,,
2010,italy,29,27,italy,10,,,,
2010,italy,29,30,sweden,0,,,,
2010,italy,29,48,sweden,4,17,25.8823529412,440,
2010,italy,29,52,italy,38,,,,
2010,italy,29,66,italy,15,,,,
2010,italy,29,71,italy,17,,,,
2010,italy,29,172,sweden,0,,,,
2010,italy,29,230,sweden,0,,,,
2010,italy,29,231,italy,13,,,,
2010,italy,29,235,italy,0,,,,
2010,italy,29,240,sweden,8,36,9.7222222222,350,
2010,italy,29,242,italy,7,,,,
2010,italy,30,28,sweden,0,,,,
2010,italy,30,43,sweden,15,38,17.3684210526,660,
2010,italy,30,55,sweden,5,,,,
2010,italy,30,66,sweden,0,,,,
2010,italy,30,72,italy,0,,,,
2010,italy,30,79,sweden,0,,,,
2010,italy,30,95,italy,17,39,23.3333333333,910,
2010,italy,30,107,italy,10,,,,
2010,italy,30,139,italy,0,,,,
2010,italy,30,165,sweden,0,,,,
2010,italy,30,171,italy,74,,,,
2010,italy,30,183,sweden,0,,,,
2010,sweden,1,35,sweden,0,,,,
2010,sweden,1,164,italy,0,,,,
2010,sweden,1,176,sweden,0,,,,
2010,sweden,1,214,italy,0,,,,
2010,sweden,1,240,italy,25,30,24.6666666667,740,
2010,sweden,2,1,sweden,0,,,,
2010,sweden,2,29,sweden,0,,,,
2010,sweden,2,51,italy,0,,,,
2010,sweden,2,59,sweden,0,,,,
2010,sweden,2,77,italy,0,,,,
2010,sweden,2,80,sweden,35,29,24.8275862069,720,
2010,sweden,2,157,italy,35,39,25.3846153846,990,
2010,sweden,2,187,italy,0,,,,
2010,sweden,2,204,italy,43,29,24.8275862069,720,
2010,sweden,2,235,italy,0,,,,
2010,sweden,2,241,italy,32,27,26.2962962963,710,
2010,sweden,2,243,italy,25,25,24.4,610,
2010,sweden,2,259,sweden,33,38,25.7894736842,980,
2010,sweden,3,19,italy,0,,,,
2010,sweden,3,23,italy,0,,,,
2010,sweden,3,44,italy,0,,,,
2010,sweden,3,53,italy,0,,,,
2010,sweden,3,57,italy,0,,,,
2010,sweden,3,69,italy,0,,,,
2010,sweden,3,88,sweden,27,31,28.7096774194,890,
2010,sweden,3,157,italy,0,,,,
2010,sweden,3,163,sweden,0,,,,
2010,sweden,3,169,italy,0,,,,
2010,sweden,3,207,italy,0,,,,
2010,sweden,3,212,sweden,24,40,22,880,
2010,sweden,3,231,italy,51,40,23,920,
2010,sweden,3,256,italy,37,38,24.2105263158,920,
2010,sweden,3,258,sweden,19,34,23.8235294118,810,
2010,sweden,4,28,sweden,0,,,,
2010,sweden,4,36,italy,0,,,,
2010,sweden,4,42,italy,0,,,,
2010,sweden,4,73,italy,0,,,,
2010,sweden,4,102,sweden,0,,,,
2010,sweden,4,106,italy,29,24,28.3333333333,680,
2010,sweden,4,137,italy,34,,,,3 st skal i kuvert
2010,sweden,4,146,italy,0,,,,
2010,sweden,4,228,sweden,28,39,28.7179487179,1120,
2010,sweden,4,237,sweden,32,37,27.2972972973,1010,
2010,sweden,5,8,italy,54,29,27.5862068966,800,
2010,sweden,5,21,sweden,0,,,,
2010,sweden,5,55,italy,0,,,,
2010,sweden,5,71,italy,0,,,,
2010,sweden,5,90,sweden,0,,,,
2010,sweden,5,95,sweden,0,,,,
2010,sweden,5,121,sweden,18,31,24.1935483871,750,
2010,sweden,5,126,italy,21,23,26.9565217391,620,
2010,sweden,5,161,italy,30,25,27.2,680,
2010,sweden,5,190,sweden,19,31,24.5161290323,760,
2010,sweden,5,197,sweden,27,42,26.6666666667,1120,
2010,sweden,5,217,italy,34,30,23,690,
2010,sweden,5,220,sweden,33,42,23.8095238095,1000,
2010,sweden,6,14,sweden,0,,,,
2010,sweden,6,39,sweden,0,,,,
2010,sweden,6,88,italy,27,30,26.6666666667,800,
2010,sweden,6,127,sweden,27,38,27.3684210526,1040,
2010,sweden,6,153,italy,45,41,26.0975609756,1070,
2010,sweden,6,231,sweden,64,43,29.3023255814,1260,
2010,sweden,6,252,italy,28,25,20,500,
2010,sweden,7,37,sweden,0,,,,
2010,sweden,7,62,italy,0,,,,
2010,sweden,7,64,italy,0,,,,
2010,sweden,7,100,sweden,0,,,,
2010,sweden,7,107,sweden,34,34,25.5882352941,870,
2010,sweden,7,120,italy,34,31,29.3548387097,910,1 trasigt frö (good)
2010,sweden,7,196,sweden,81,45,24.8888888889,1120,
2010,sweden,7,202,italy,34,28,27.1428571429,760,
2010,sweden,7,222,sweden,0,,,,3 st skal
2010,sweden,7,233,sweden,41,45,25.7777777778,1160,
2010,sweden,8,8,italy,0,,,,
2010,sweden,8,11,italy,0,,,,
2010,sweden,8,36,italy,0,,,,
2010,sweden,8,39,italy,0,,,,
2010,sweden,8,55,sweden,0,,,,
2010,sweden,8,73,italy,45,40,22,880,
2010,sweden,8,99,sweden,49,36,23.0555555556,830,1 st skadat skal
2010,sweden,8,100,italy,35,26,22.3076923077,580,
2010,sweden,8,124,italy,41,34,24.7058823529,840,
2010,sweden,8,154,sweden,45,,,,
2010,sweden,8,173,sweden,40,43,25.5813953488,1100,
2010,sweden,8,179,sweden,52,40,23.75,950,
2010,sweden,8,183,sweden,45,44,26.3636363636,1160,
2010,sweden,8,193,italy,33,27,22.2222222222,600,
2010,sweden,8,201,italy,35,29,21.724137931,630,
2010,sweden,8,229,sweden,26,40,26,1040,
2010,sweden,8,249,sweden,44,44,23.4090909091,1030,
2010,sweden,9,53,sweden,0,,,,
2010,sweden,9,67,sweden,53,38,25.7894736842,980,
2010,sweden,9,93,italy,23,21,23.3333333333,490,2 frön helt mosade men mogna (good)
2010,sweden,9,110,italy,35,23,22.1739130435,510,
2010,sweden,9,116,sweden,38,41,26.8292682927,1100,
2010,sweden,9,135,italy,27,27,24.8148148148,670,
2010,sweden,9,180,sweden,48,44,23.6363636364,1040,
2010,sweden,9,208,sweden,52,47,21.7021276596,1020,
2010,sweden,9,212,italy,35,38,22.1052631579,840,
2010,sweden,9,251,italy,0,,,,
2010,sweden,10,21,sweden,0,,,,
2010,sweden,10,46,sweden,0,,,,
2010,sweden,10,64,italy,0,,,,
2010,sweden,10,66,italy,0,,,,
2010,sweden,10,77,sweden,0,,,,
2010,sweden,10,79,italy,54,,,,3 st skal i kuvert
2010,sweden,10,107,sweden,25,34,24.7058823529,840,
2010,sweden,10,140,sweden,41,28,21.0714285714,590,
2010,sweden,10,154,italy,39,21,25.2380952381,530,
2010,sweden,10,155,sweden,30,39,25.3846153846,990,
2010,sweden,10,161,sweden,51,33,23.0303030303,760,"Tar bort 1 st frö - konstigt, ej vägt"
2010,sweden,10,169,sweden,23,42,25.7142857143,1080,
2010,sweden,10,199,sweden,0,,,,
2010,sweden,10,202,sweden,43,45,24.8888888889,1120,
2010,sweden,10,250,italy,27,21,24.7619047619,520,
2010,sweden,10,255,italy,33,31,29.6774193548,920,
2010,sweden,10,257,italy,7,,,,
2010,sweden,10,260,sweden,48,29,25.8620689655,750,
2010,sweden,11,16,sweden,0,,,,
2010,sweden,11,78,italy,31,35,28.8571428571,1010,1 trasig (good)
2010,sweden,11,87,sweden,26,37,30.2702702703,1120,
2010,sweden,11,111,sweden,37,42,23.3333333333,980,
2010,sweden,11,139,sweden,11,,,,
2010,sweden,11,177,italy,101,28,26.0714285714,730,
2010,sweden,11,186,italy,0,,,,
2010,sweden,11,210,sweden,0,,,,
2010,sweden,12,33,italy,0,,,,
2010,sweden,12,40,italy,0,,,,
2010,sweden,12,48,sweden,0,,,,
2010,sweden,12,63,sweden,49,37,26.2162162162,970,
2010,sweden,12,70,sweden,0,,,,
2010,sweden,12,92,italy,31,22,22.7272727273,500,
2010,sweden,12,109,sweden,0,,,,
2010,sweden,12,112,sweden,68,46,27.6086956522,1270,
2010,sweden,12,164,sweden,23,39,24.8717948718,970,
2010,sweden,12,207,sweden,38,40,23,920,
2010,sweden,12,215,sweden,39,39,23.8461538462,930,
2010,sweden,12,220,sweden,28,37,25.1351351351,930,ett skal lite skadat.
2010,sweden,12,227,sweden,36,37,25.4054054054,940,
2010,sweden,12,254,italy,0,,,,
2010,sweden,13,9,italy,0,,,,
2010,sweden,13,27,italy,0,,,,
2010,sweden,13,57,sweden,0,,,,
2010,sweden,13,58,italy,0,,,,
2010,sweden,13,107,italy,0,,,,
2010,sweden,13,147,sweden,30,44,22.7272727273,1000,"1 st trasig, nästan delad"
2010,sweden,13,159,sweden,24,36,25,900,
2010,sweden,13,183,sweden,29,39,24.358974359,950,
2010,sweden,13,203,italy,42,30,28,840,
2010,sweden,13,224,italy,21,30,24.3333333333,730,
2010,sweden,13,249,sweden,30,41,26.3414634146,1080,
2010,sweden,13,254,sweden,44,50,25,1250,1 grönt frö (good)
2010,sweden,14,77,italy,0,,,,
2010,sweden,14,94,italy,57,23,21.7391304348,500,
2010,sweden,14,99,italy,26,29,29.3103448276,850,
2010,sweden,14,109,sweden,32,38,25.5263157895,970,
2010,sweden,14,117,sweden,23,25,24.8,620,
2010,sweden,14,128,sweden,20,35,24.5714285714,860,
2010,sweden,14,143,italy,41,31,27.0967741935,840,
2010,sweden,14,145,sweden,25,38,22.8947368421,870,
2010,sweden,14,177,italy,41,32,23.125,740,
2010,sweden,14,183,italy,47,30,28.3333333333,850,
2010,sweden,14,194,italy,37,26,21.5384615385,560,
2010,sweden,14,209,italy,39,,,,tomt kuvert
2010,sweden,14,216,sweden,19,34,21.4705882353,730,
2010,sweden,14,247,sweden,38,43,26.0465116279,1120,
2010,sweden,15,67,sweden,0,,,,
2010,sweden,15,79,sweden,25,45,27.1111111111,1220,
2010,sweden,15,144,italy,46,29,26.2068965517,760,
2010,sweden,15,150,sweden,19,29,23.1034482759,670,
2010,sweden,15,152,sweden,0,,,,
2010,sweden,15,188,italy,44,24,27.9166666667,670,
2010,sweden,15,192,italy,50,25,31.6,790,
2010,sweden,15,198,sweden,27,40,23,920,
2010,sweden,15,209,sweden,24,40,23.5,940,
2010,sweden,15,211,italy,40,29,25.1724137931,730,
2010,sweden,15,216,sweden,23,32,24.375,780,
2010,sweden,15,218,italy,44,25,20.8,520,
2010,sweden,15,223,italy,41,24,26.6666666667,640,
2010,sweden,15,230,italy,39,35,24,840,
2010,sweden,16,33,italy,0,,,,
2010,sweden,16,50,sweden,0,,,,
2010,sweden,16,58,sweden,28,32,24.375,780,1 st skadat skal
2010,sweden,16,135,italy,27,24,25,600,
2010,sweden,16,142,italy,23,27,31.8518518519,860,
2010,sweden,16,168,sweden,30,28,25.7142857143,720,
2010,sweden,16,193,sweden,53,37,24.3243243243,900,1 st skadat skal
2010,sweden,16,220,sweden,0,,,,
2010,sweden,16,246,italy,0,,,,
2010,sweden,16,255,sweden,0,,,,
2010,sweden,17,4,italy,0,,,,
2010,sweden,17,12,italy,0,,,,
2010,sweden,17,42,sweden,0,,,,
2010,sweden,17,43,sweden,0,,,,
2010,sweden,17,97,sweden,26,31,25.8064516129,800,
2010,sweden,17,111,italy,23,24,24.1666666667,580,
2010,sweden,17,120,italy,32,25,24.8,620,
2010,sweden,17,127,sweden,32,34,29.1176470588,990,
2010,sweden,17,174,italy,0,,,,
2010,sweden,17,194,italy,0,,,,
2010,sweden,17,220,sweden,0,,,,
2010,sweden,18,9,italy,0,,,,
2010,sweden,18,10,italy,0,,,,
2010,sweden,18,25,italy,0,,,,
2010,sweden,18,30,italy,0,,,,
2010,sweden,18,35,sweden,0,,,,
2010,sweden,18,38,sweden,0,,,,
2010,sweden,18,56,italy,0,,,,
2010,sweden,18,60,italy,0,,,,
2010,sweden,18,88,italy,54,,,,Ingen mellanvägg med i kuvert.
2010,sweden,18,99,sweden,57,33,24.8484848485,820,
2010,sweden,18,104,sweden,28,35,29.4285714286,1030,
2010,sweden,18,119,sweden,33,35,21.4285714286,750,
2010,sweden,18,125,sweden,25,23,26.5217391304,610,
2010,sweden,18,135,sweden,48,35,23.1428571429,810,"Bara 1 skal, 1 frö uppsvullet, fröskalet lite uppsprucket (good)"
2010,sweden,18,143,sweden,41,41,28.5365853659,1170,
2010,sweden,18,218,sweden,43,,,,
2010,sweden,18,236,italy,42,25,28,700,
2010,sweden,18,246,sweden,47,,,,
2010,sweden,18,249,italy,18,32,24.375,780,
2010,sweden,18,254,sweden,74,41,23.1707317073,950,de flesta frön gröna
2010,sweden,19,13,sweden,0,,,,
2010,sweden,19,19,italy,0,,,,
2010,sweden,19,32,italy,0,,,,
2010,sweden,19,43,italy,0,,,,
2010,sweden,19,54,italy,0,,,,
2010,sweden,19,80,italy,60,29,27.9310344828,810,
2010,sweden,19,102,sweden,15,23,21.3043478261,490,
2010,sweden,19,128,italy,0,,,,
2010,sweden,19,156,italy,70,16,29.375,470,
2010,sweden,19,161,italy,0,,,,
2010,sweden,19,166,italy,0,,,,
2010,sweden,19,173,sweden,51,41,27.0731707317,1110,
2010,sweden,19,180,sweden,71,,,,
2010,sweden,19,182,sweden,0,,,,
2010,sweden,19,216,italy,166,39,,,
2010,sweden,20,3,sweden,0,,,,
2010,sweden,20,42,italy,0,,,,
2010,sweden,20,53,sweden,20,32,26.5625,850,
2010,sweden,20,54,sweden,25,31,28.064516129,870,
2010,sweden,20,56,italy,22,23,26.5217391304,610,
2010,sweden,20,70,sweden,40,35,30.5714285714,1070,
2010,sweden,20,71,italy,29,33,23.0303030303,760,
2010,sweden,20,95,italy,19,24,24.5833333333,590,
2010,sweden,20,126,italy,0,,,,
2010,sweden,20,162,sweden,0,,,,
2010,sweden,20,167,italy,0,,,,
2010,sweden,20,180,italy,0,,,,
2010,sweden,20,215,italy,,,,,2 gröna (good)
2010,sweden,21,12,italy,0,,,,
2010,sweden,21,50,sweden,0,,,,
2010,sweden,21,78,sweden,32,30,27.3333333333,820,
2010,sweden,21,142,italy,49,,,,
2010,sweden,21,176,italy,0,,,,
2010,sweden,21,181,italy,75,38,28.4210526316,1080,
2010,sweden,21,197,italy,50,30,30,900,
2010,sweden,21,219,sweden,165,51,22.7450980392,1160,1 st skadat skal
2010,sweden,21,224,sweden,0,,,,
2010,sweden,21,229,sweden,0,,,,
2010,sweden,21,232,italy,0,,,,
2010,sweden,21,251,italy,0,,,,
2010,sweden,22,48,sweden,0,,,,
2010,sweden,22,61,sweden,0,,,,
2010,sweden,22,74,italy,69,39,26.4102564103,1030,
2010,sweden,22,75,italy,66,33,26.9696969697,890,
2010,sweden,22,77,sweden,67,35,24.2857142857,850,
2010,sweden,22,89,sweden,39,31,22.9032258065,710,
2010,sweden,22,91,italy,37,28,28.9285714286,810,
2010,sweden,22,116,sweden,34,34,26.1764705882,890,ett par gröna frön (good)
2010,sweden,22,147,italy,56,24,27.5,660,
2010,sweden,22,173,italy,0,,,,
2010,sweden,22,178,sweden,40,40,27.75,1110,
2010,sweden,22,219,italy,44,23,30.8695652174,710,
2010,sweden,23,21,sweden,0,,,,
2010,sweden,23,107,sweden,43,28,24.6428571429,690,
2010,sweden,23,129,italy,36,23,23.4782608696,540,
2010,sweden,23,139,italy,0,,,,
2010,sweden,23,182,sweden,92,36,25,900,
2010,sweden,23,201,sweden,61,40,26.25,1050,
2010,sweden,23,216,italy,163,32,25.3125,810,
2010,sweden,23,253,italy,48,42,28.8095238095,1210,
2010,sweden,23,256,sweden,0,,,,
2010,sweden,24,43,sweden,0,,,,
2010,sweden,24,47,sweden,0,,,,
2010,sweden,24,60,sweden,44,33,25.1515151515,830,
2010,sweden,24,72,sweden,41,39,25.641025641,1000,
2010,sweden,24,82,sweden,34,32,22.1875,710,1 st skadat skal
2010,sweden,24,98,sweden,21,31,21.6129032258,670,
2010,sweden,24,118,italy,33,26,25.7692307692,670,
2010,sweden,24,126,sweden,0,,,,
2010,sweden,24,171,sweden,0,,,,
2010,sweden,24,181,italy,16,22,30,660,
2010,sweden,24,194,italy,44,29,26.5517241379,770,
2010,sweden,24,216,sweden,0,,,,
2010,sweden,24,226,italy,0,,,,
2010,sweden,24,232,sweden,0,,,,
2010,sweden,25,18,sweden,0,,,,
2010,sweden,25,37,italy,0,,,,
2010,sweden,25,39,italy,0,,,,
2010,sweden,25,79,italy,19,33,30.303030303,1000,
2010,sweden,25,111,sweden,49,38,25,950,
2010,sweden,25,160,italy,0,,,,
2010,sweden,25,188,sweden,15,26,24.2307692308,630,8 st gröna frön (good)
2010,sweden,25,191,italy,0,,,,
2010,sweden,25,205,sweden,0,,,,
2010,sweden,25,211,italy,0,,,,
2010,sweden,25,223,sweden,0,,,,
2010,sweden,25,225,italy,79,40,22.25,890,
2010,sweden,25,249,sweden,0,,,,
2010,sweden,26,10,sweden,0,,,,
2010,sweden,26,15,sweden,0,,,,
2010,sweden,26,16,sweden,0,,,,
2010,sweden,26,50,italy,71,41,30.9756097561,1270,
2010,sweden,26,68,italy,23,27,28.1481481481,760,
2010,sweden,26,77,italy,21,14,30,420,
2010,sweden,26,111,sweden,29,38,25,950,1 st skadat skal
2010,sweden,26,156,italy,18,28,22.8571428571,640,
2010,sweden,26,160,italy,0,,,,
2010,sweden,26,190,sweden,25,35,24.2857142857,850,
2010,sweden,26,244,sweden,27,42,24.0476190476,1010,
2010,sweden,26,253,italy,45,39,29.4871794872,1150,
2010,sweden,27,7,italy,0,,,,
2010,sweden,27,24,sweden,0,,,,
2010,sweden,27,70,italy,21,31,24.8387096774,770,
2010,sweden,27,81,sweden,37,27,21.4814814815,580,bara 1 skal med i kuvert
2010,sweden,27,89,italy,42,33,27.8787878788,920,
2010,sweden,27,107,sweden,26,35,24.2857142857,850,
2010,sweden,27,155,sweden,32,32,26.5625,850,
2010,sweden,27,180,italy,36,22,30.4545454545,670,
2010,sweden,27,196,italy,32,23,23.0434782609,530,
2010,sweden,27,200,italy,23,,,,bara 1 skal i kuvert
2010,sweden,28,13,sweden,0,,,,
2010,sweden,28,24,italy,0,,,,
2010,sweden,28,27,italy,0,,,,
2010,sweden,28,40,italy,0,,,,
2010,sweden,28,76,italy,0,,,,
2010,sweden,28,81,italy,28,36,26.9444444444,970,
2010,sweden,28,110,sweden,0,,,,
2010,sweden,28,124,sweden,27,34,,,"Frön tappade, vågen började kalibrera. 2 frön finns kvar."
2010,sweden,28,211,italy,56,20,24,480,
2010,sweden,28,220,italy,33,29,23.7931034483,690,
2010,sweden,28,248,italy,22,21,27.1428571429,570,
2010,sweden,29,33,sweden,0,,,,
2010,sweden,29,61,italy,0,,,,
2010,sweden,29,90,sweden,30,39,26.9230769231,1050,
2010,sweden,29,91,sweden,29,32,23.4375,750,
2010,sweden,29,101,sweden,25,38,26.0526315789,990,
2010,sweden,29,152,sweden,0,,,,
2010,sweden,29,157,sweden,28,44,23.8636363636,1050,
2010,sweden,29,202,italy,0,,,,
2010,sweden,29,209,sweden,21,15,,,bara 1 skal med i kuvert
2010,sweden,29,232,sweden,0,,,,
2010,sweden,29,256,sweden,0,,,,
2010,sweden,30,53,sweden,0,,,,
2010,sweden,30,101,italy,0,,,,
2010,sweden,30,136,sweden,0,,,,
2010,sweden,30,198,sweden,0,,,,
2010,sweden,30,231,italy,0,,,,
2010,sweden,30,236,sweden,0,,,,
2010,sweden,30,241,italy,0,,,,
2011,italy,1,8,italy,0,,,,
2011,italy,1,45,sweden,6,13,25.3846153846,330,
2011,italy,1,52,italy,8,33,21.2121212121,700,
2011,italy,1,76,italy,11,,,,
2011,italy,1,86,sweden,4,,,,
2011,italy,1,90,italy,12,35,22,770,
2011,italy,1,96,italy,9,,,,
2011,italy,1,98,italy,7,,,,
2011,italy,1,194,italy,10,40,12.5,500,
2011,italy,1,201,italy,10,36,20.2777777778,730,G
2011,italy,1,240,sweden,3,,,,
2011,italy,2,20,italy,12,,,,
2011,italy,2,98,sweden,2,,,,
2011,italy,2,151,sweden,3,,,,
2011,italy,2,156,sweden,0,,,,
2011,italy,2,164,italy,11,31,20.3225806452,630,
2011,italy,2,171,sweden,4,,,,
2011,italy,2,207,italy,22,39,19.4871794872,760,
2011,italy,2,239,italy,13,27,16.2962962963,440,
2011,italy,2,252,italy,8,,,,
2011,italy,3,3,sweden,3,,,,
2011,italy,3,63,italy,16,,,,
2011,italy,3,155,italy,10,,,,
2011,italy,3,166,sweden,3,,,,
2011,italy,3,167,italy,12,,,,
2011,italy,3,190,italy,21,16,18.75,300,
2011,italy,3,191,sweden,7,,,,
2011,italy,3,198,sweden,8,,,,
2011,italy,4,3,sweden,6,21,14.7619047619,310,
2011,italy,4,26,sweden,8,30,19,570,
2011,italy,4,35,italy,6,29,19.6551724138,570,
2011,italy,4,59,sweden,0,,,,
2011,italy,4,97,italy,11,,,,
2011,italy,4,100,italy,14,40,24.25,970,
2011,italy,4,122,italy,35,41,24.6341463415,1010,
2011,italy,4,138,sweden,3,18,11.6666666667,210,
2011,italy,4,164,sweden,8,13,32.3076923077,420,
2011,italy,4,214,sweden,7,25,18.4,460,
2011,italy,4,216,sweden,8,19,15.7894736842,300,
2011,italy,4,224,sweden,0,,,,
2011,italy,4,232,sweden,3,14,24.2857142857,340,
2011,italy,4,234,italy,20,23,18.6956521739,430,
2011,italy,4,241,italy,15,30,24,720,
2011,italy,5,16,sweden,5,26,15,390,
2011,italy,5,88,sweden,2,,,,
2011,italy,5,89,sweden,2,9,,,
2011,italy,5,154,italy,11,,,,
2011,italy,5,162,sweden,0,,,,
2011,italy,5,218,sweden,0,,,,
2011,italy,5,221,italy,20,44,8.8636363636,390,
2011,italy,5,225,italy,29,42,21.4285714286,900,
2011,italy,5,227,sweden,0,,,,
2011,italy,5,230,sweden,1,,,,
2011,italy,5,238,italy,21,46,22.1739130435,1020,
2011,italy,6,44,italy,5,,,,
2011,italy,6,65,italy,22,23,23.9130434783,550,
2011,italy,6,85,sweden,6,18,24.4444444444,440,
2011,italy,6,104,sweden,6,,,,
2011,italy,6,121,sweden,4,,,,
2011,italy,6,127,sweden,11,28,22.1428571429,620,G
2011,italy,6,148,italy,23,,,,
2011,italy,6,163,italy,21,42,25,1050,
2011,italy,6,183,sweden,0,,,,
2011,italy,6,187,sweden,7,13,16.9230769231,220,
2011,italy,6,195,italy,11,,,,
2011,italy,6,213,sweden,4,17,20,340,
2011,italy,6,214,italy,29,38,23.9473684211,910,
2011,italy,6,218,sweden,7,20,26.5,530,
2011,italy,6,252,sweden,6,25,19.2,480,
2011,italy,7,2,sweden,4,13,10,130,
2011,italy,7,10,sweden,6,,,,
2011,italy,7,22,sweden,9,25,13.6,340,
2011,italy,7,62,sweden,15,35,11.1428571429,390,
2011,italy,7,87,sweden,0,,,,
2011,italy,7,88,italy,12,30,16.6666666667,500,
2011,italy,7,104,sweden,4,21,,,
2011,italy,7,112,italy,10,,,,
2011,italy,7,146,italy,8,,,,
2011,italy,7,179,italy,57,47,27.4468085106,1290,
2011,italy,7,182,sweden,0,,,,
2011,italy,7,221,sweden,0,,,,
2011,italy,7,229,sweden,9,16,29.375,470,imm
2011,italy,7,239,italy,17,35,18.8571428571,660,
2011,italy,7,251,italy,10,,,,
2011,italy,8,44,sweden,8,25,13.6,340,
2011,italy,8,48,italy,34,43,17.4418604651,750,
2011,italy,8,60,sweden,0,,,,
2011,italy,8,63,italy,38,52,18.6538461538,970,
2011,italy,8,77,sweden,0,,,,
2011,italy,8,92,italy,5,,,,
2011,italy,8,94,italy,18,45,22.6666666667,1020,
2011,italy,8,97,sweden,6,23,21.3043478261,490,
2011,italy,8,115,sweden,7,24,22.0833333333,530,
2011,italy,8,132,italy,3,,,,
2011,italy,8,134,sweden,0,,,,
2011,italy,8,141,sweden,0,,,,
2011,italy,8,145,sweden,8,19,13.1578947368,250,
2011,italy,8,148,sweden,0,,,,
2011,italy,8,166,sweden,0,,,,
2011,italy,8,180,italy,15,39,19.7435897436,770,
2011,italy,8,197,italy,109,48,22.9166666667,1100,
2011,italy,8,199,italy,13,40,24.25,970,
2011,italy,8,234,sweden,0,,,,
2011,italy,8,240,sweden,6,24,16.25,390,
2011,italy,9,11,sweden,1,,,,
2011,italy,9,61,italy,24,,,,
2011,italy,9,77,italy,0,,,,
2011,italy,9,90,italy,0,,,,
2011,italy,9,99,sweden,0,,,,
2011,italy,9,121,sweden,2,14,15.7142857143,220,
2011,italy,9,127,italy,0,,,,
2011,italy,9,139,sweden,2,17,9.4117647059,160,
2011,italy,9,163,italy,25,8,23.75,190,
2011,italy,9,172,italy,31,39,23.5897435897,920,
2011,italy,9,180,italy,8,30,10,300,
2011,italy,9,215,italy,25,42,13.8095238095,580,
2011,italy,9,221,italy,15,,,,
2011,italy,10,37,sweden,0,,,,
2011,italy,10,43,sweden,0,,,,
2011,italy,10,62,italy,0,,,,
2011,italy,10,74,italy,0,,,,felmärkt? - borttagen
2011,italy,10,165,italy,10,,,,
2011,italy,10,223,sweden,0,,,,
2011,italy,10,233,italy,4,,,,
2011,italy,10,240,sweden,0,,,,
2011,italy,10,255,sweden,0,,,,
2011,italy,11,40,sweden,0,,,,
2011,italy,11,58,sweden,0,,,,
2011,italy,11,83,sweden,2,,,,
2011,italy,11,93,sweden,0,,,,
2011,italy,11,96,italy,10,6,,,
2011,italy,11,110,italy,7,,,,
2011,italy,11,120,italy,27,14,15.7142857143,220,
2011,italy,11,133,sweden,0,,,,
2011,italy,11,145,sweden,0,,,,
2011,italy,11,179,sweden,0,,,,
2011,italy,11,248,sweden,5,21,25.2380952381,530,
2011,italy,11,250,italy,0,,,,
2011,italy,11,252,sweden,0,,,,
2011,italy,11,259,italy,24,43,21.8604651163,940,
2011,italy,12,3,italy,16,,,,
2011,italy,12,23,italy,2,,,,
2011,italy,12,33,sweden,0,,,,
2011,italy,12,77,italy,11,,,,
2011,italy,12,86,sweden,0,,,,
2011,italy,12,88,sweden,5,9,27.7777777778,250,
2011,italy,12,119,italy,0,,,,
2011,italy,12,124,sweden,1,,,,
2011,italy,12,127,italy,39,50,22.2,1110,
2011,italy,12,143,sweden,6,,,,
2011,italy,12,150,italy,12,,,,
2011,italy,12,197,sweden,0,,,,
2011,italy,12,209,sweden,0,,,,
2011,italy,13,72,sweden,0,,,,
2011,italy,13,77,italy,0,,,,
2011,italy,13,101,italy,8,,,,
2011,italy,13,148,italy,12,,,,
2011,italy,13,187,italy,14,23,14.347826087,330,
2011,italy,13,197,sweden,1,,,,
2011,italy,13,207,italy,6,,,,
2011,italy,14,1,sweden,0,,,,
2011,italy,14,15,italy,16,,,,
2011,italy,14,26,sweden,1,,,,
2011,italy,14,36,sweden,4,,,,
2011,italy,14,55,italy,13,,,,
2011,italy,14,96,italy,0,,,,
2011,italy,14,129,sweden,10,30,18.6666666667,560,
2011,italy,14,181,italy,16,43,19.7674418605,850,
2011,italy,14,233,sweden,0,,,,
2011,italy,15,9,italy,7,,,,
2011,italy,15,40,italy,9,,,,
2011,italy,15,53,italy,20,40,27.25,1090,
2011,italy,15,54,italy,7,,,,
2011,italy,15,61,italy,27,38,20,760,
2011,italy,15,71,italy,10,,,,
2011,italy,15,82,italy,10,,,,
2011,italy,15,88,italy,17,,,,
2011,italy,15,108,italy,14,,,,
2011,italy,15,201,sweden,5,11,,,
2011,italy,15,255,italy,16,40,27,1080,
2011,italy,16,76,sweden,5,18,29.4444444444,530,
2011,italy,16,98,italy,16,,,,
2011,italy,16,102,sweden,0,,,,
2011,italy,16,103,italy,35,46,22.3913043478,1030,
2011,italy,16,117,sweden,0,,,,
2011,italy,16,229,sweden,0,,,,
2011,italy,17,95,sweden,0,,,,
2011,italy,17,108,sweden,0,,,,
2011,italy,17,144,sweden,0,,,,
2011,italy,17,146,italy,5,,,,
2011,italy,17,196,italy,2,,,,
2011,italy,17,218,italy,4,,,,
2011,italy,17,240,italy,10,,,,
2011,italy,17,252,italy,9,,,,
2011,italy,17,254,sweden,0,,,,
2011,italy,18,24,sweden,0,,,,
2011,italy,18,34,sweden,2,,,,
2011,italy,18,42,italy,10,,,,
2011,italy,18,46,sweden,1,,,,
2011,italy,18,67,sweden,0,,,,
2011,italy,18,70,italy,0,,,,
2011,italy,18,92,italy,17,36,15.2777777778,550,
2011,italy,18,99,italy,10,,,,
2011,italy,18,164,sweden,2,,,,
2011,italy,18,169,italy,11,,,,
2011,italy,18,180,sweden,1,8,,,
2011,italy,18,189,italy,15,,,,
2011,italy,18,191,italy,10,33,27.5757575758,910,
2011,italy,18,241,italy,10,,,,
2011,italy,18,247,italy,17,37,22.7027027027,840,
2011,italy,18,255,sweden,8,,,,imm
2011,italy,18,256,sweden,5,,,,imm
2011,italy,19,4,sweden,0,,,,
2011,italy,19,29,italy,14,,,,
2011,italy,19,34,sweden,7,,,,
2011,italy,19,40,italy,14,,,,
2011,italy,19,46,italy,17,,,,
2011,italy,19,52,sweden,2,,,,
2011,italy,19,55,italy,15,,,,
2011,italy,19,58,italy,17,,,,
2011,italy,19,113,italy,9,,,,
2011,italy,19,129,sweden,0,,,,
2011,italy,19,148,sweden,6,,,,
2011,italy,19,151,italy,17,,,,
2011,italy,19,200,italy,12,,,,
2011,italy,19,207,sweden,0,,,,
2011,italy,19,226,italy,8,,,,
2011,italy,20,6,sweden,0,,,,
2011,italy,20,9,italy,24,,,,
2011,italy,20,28,italy,16,,,,
2011,italy,20,88,sweden,0,,,,
2011,italy,20,91,sweden,7,,,,
2011,italy,20,95,italy,13,,,,
2011,italy,20,103,sweden,2,,,,
2011,italy,20,133,sweden,4,,,,
2011,italy,20,144,sweden,7,,,,
2011,italy,20,165,italy,7,,,,
2011,italy,20,192,sweden,3,,,,
2011,italy,20,193,italy,11,,,,
2011,italy,20,195,italy,20,,,,
2011,italy,21,15,sweden,4,,,,
2011,italy,21,19,italy,49,,,,
2011,italy,21,23,italy,13,,,,
2011,italy,21,56,sweden,0,,,,
2011,italy,21,96,sweden,3,,,,
2011,italy,21,100,italy,22,,,,
2011,italy,21,133,sweden,5,,,,
2011,italy,21,153,italy,11,,,,
2011,italy,21,159,sweden,0,,,,
2011,italy,21,165,italy,9,,,,
2011,italy,21,190,sweden,0,,,,
2011,italy,21,212,italy,13,,,,
2011,italy,21,242,sweden,6,,,,
2011,italy,21,256,sweden,5,,,,
2011,italy,22,15,italy,12,,,,
2011,italy,22,23,sweden,9,,,,
2011,italy,22,38,sweden,7,,,,
2011,italy,22,47,sweden,6,,,,
2011,italy,22,64,italy,24,,,,
2011,italy,22,66,italy,0,,,,
2011,italy,22,70,sweden,0,,,,
2011,italy,22,75,sweden,4,,,,
2011,italy,22,85,italy,27,,,,
2011,italy,22,86,italy,31,,,,
2011,italy,22,103,italy,0,,,,
2011,italy,22,108,italy,13,,,,
2011,italy,22,124,sweden,3,,,,
2011,italy,22,155,sweden,7,,,,
2011,italy,22,160,sweden,0,,,,
2011,italy,22,163,italy,37,,,,
2011,italy,22,204,italy,10,,,,
2011,italy,23,3,sweden,2,,,,
2011,italy,23,33,italy,15,,,,
2011,italy,23,40,italy,23,,,,
2011,italy,23,50,sweden,4,,,,
2011,italy,23,57,italy,5,,,,
2011,italy,23,92,italy,20,,,,
2011,italy,23,134,italy,12,,,,
2011,italy,23,153,sweden,12,,,,
2011,italy,23,161,sweden,16,,,,
2011,italy,23,254,italy,18,,,,
2011,italy,24,23,italy,0,,,,
2011,italy,24,27,italy,16,,,,
2011,italy,24,46,italy,43,,,,
2011,italy,24,51,sweden,5,,,,
2011,italy,24,66,italy,7,,,,
2011,italy,24,76,sweden,7,,,,
2011,italy,24,94,italy,17,,,,
2011,italy,24,106,sweden,0,,,,
2011,italy,24,109,italy,19,,,,
2011,italy,24,125,italy,7,,,,
2011,italy,24,127,italy,17,,,,
2011,italy,24,159,italy,15,,,,
2011,italy,24,190,sweden,1,,,,
2011,italy,24,221,sweden,4,,,,
2011,italy,24,228,sweden,4,,,,
2011,italy,25,35,sweden,6,,,,
2011,italy,25,48,italy,47,,,,
2011,italy,25,91,italy,15,,,,
2011,italy,25,157,italy,49,,,,
2011,italy,25,213,italy,19,,,,
2011,italy,25,223,sweden,4,,,,
2011,italy,25,229,italy,47,,,,
2011,italy,25,243,italy,16,,,,
2011,italy,25,252,italy,24,,,,
2011,italy,26,20,sweden,7,,,,
2011,italy,26,45,italy,18,,,,
2011,italy,26,68,sweden,4,,,,
2011,italy,26,122,sweden,3,,,,
2011,italy,26,140,sweden,6,,,,
2011,italy,26,149,italy,18,,,,
2011,italy,26,166,sweden,0,,,,
2011,italy,26,167,sweden,0,,,,
2011,italy,26,190,sweden,7,,,,
2011,italy,26,195,sweden,0,,,,
2011,italy,26,207,italy,12,,,,
2011,italy,26,233,sweden,0,,,,
2011,italy,26,248,italy,26,,,,
2011,italy,27,17,italy,13,,,,
2011,italy,27,43,sweden,4,,,,
2011,italy,27,62,sweden,0,,,,
2011,italy,27,81,sweden,5,,,,
2011,italy,27,94,italy,29,,,,
2011,italy,27,106,sweden,10,,,,
2011,italy,27,145,sweden,0,,,,
2011,italy,27,151,italy,29,,,,
2011,italy,27,167,sweden,5,,,,
2011,italy,27,196,sweden,0,,,,
2011,italy,27,214,italy,18,,,,
2011,italy,27,260,italy,12,,,,
2011,italy,28,10,italy,15,,,,
2011,italy,28,25,sweden,7,,,,
2011,italy,28,28,italy,18,,,,
2011,italy,28,76,italy,19,,,,
2011,italy,28,93,sweden,9,,,,
2011,italy,28,98,sweden,10,,,,
2011,italy,28,114,italy,17,,,,
2011,italy,28,117,sweden,6,,,,
2011,italy,28,132,sweden,6,,,,
2011,italy,28,182,sweden,1,,,,
2011,italy,28,236,italy,4,,,,
2011,italy,28,240,sweden,2,,,,
2011,italy,28,249,sweden,8,,,,
2011,italy,29,17,sweden,0,,,,
2011,italy,29,32,italy,13,,,,
2011,italy,29,48,italy,12,,,,
2011,italy,29,106,sweden,0,,,,
2011,italy,29,128,sweden,5,,,,
2011,italy,29,135,italy,17,,,,
2011,italy,29,137,italy,14,,,,
2011,italy,29,169,italy,21,,,,
2011,italy,29,249,italy,0,,,,
2011,italy,29,252,sweden,9,,,,
2011,italy,30,30,italy,15,,,,
2011,italy,30,35,sweden,7,,,,
2011,italy,30,83,sweden,0,,,,
2011,italy,30,86,sweden,0,,,,
2011,italy,30,172,sweden,0,,,,
2011,italy,30,231,sweden,2,,,,
2011,italy,30,252,italy,19,,,,
2011,sweden,1,35,sweden,3,20,22.5,450,
2011,sweden,1,76,sweden,0,,,,
2011,sweden,1,168,sweden,0,,,,
2011,sweden,1,233,italy,0,,,,
2011,sweden,1,254,italy,0,,,,
2011,sweden,2,5,italy,24,17,31.7647058824,540,
2011,sweden,2,6,sweden,9,19,22.1052631579,420,
2011,sweden,2,41,italy,17,,,,
2011,sweden,2,45,italy,9,16,26.25,420,
2011,sweden,2,50,italy,8,22,23.1818181818,510,
2011,sweden,2,53,sweden,8,9,21.1111111111,190,
2011,sweden,2,79,sweden,0,,,,
2011,sweden,2,112,sweden,0,,,,
2011,sweden,2,149,italy,0,,,,
2011,sweden,2,196,italy,14,19,32.1052631579,610,
2011,sweden,2,242,sweden,0,,,,
2011,sweden,2,248,sweden,16,38,26.3157894737,1000,
2011,sweden,2,250,sweden,37,,,,3 skal
2011,sweden,3,5,italy,0,19,31.0526315789,590,
2011,sweden,3,6,sweden,0,,,,
2011,sweden,3,21,italy,12,20,27,540,
2011,sweden,3,38,sweden,3,,,,"im, alla frön gröna"
2011,sweden,3,44,sweden,2,,,,"im, 5 gröna (g)"
2011,sweden,3,46,sweden,4,11,7.2727272727,80,
2011,sweden,3,54,italy,10,8,,,frön tappade innan vägning
2011,sweden,3,71,italy,12,21,24.7619047619,520,
2011,sweden,3,82,italy,18,20,27.5,550,
2011,sweden,3,99,sweden,8,20,29,580,
2011,sweden,3,118,italy,12,19,33.1578947368,630,
2011,sweden,3,135,italy,0,,,,
2011,sweden,3,152,italy,0,,,,
2011,sweden,3,158,sweden,23,33,30.9090909091,1020,1 tomt fröskal
2011,sweden,3,160,italy,0,,,,
2011,sweden,3,164,italy,0,,,,
2011,sweden,3,246,sweden,0,,,,
2011,sweden,4,14,italy,28,36,25.2777777778,910,
2011,sweden,4,25,sweden,5,22,30.4545454545,670,1 frö uppsprucket (g)
2011,sweden,4,66,sweden,11,,,,Skal saknas
2011,sweden,4,88,sweden,0,,,,
2011,sweden,4,89,sweden,7,,,,
2011,sweden,4,120,italy,0,,,,
2011,sweden,4,143,italy,0,,,,
2011,sweden,4,157,italy,16,29,30.3448275862,880,
2011,sweden,4,182,italy,0,,,,
2011,sweden,4,214,sweden,0,,,,
2011,sweden,4,215,sweden,0,,,,
2011,sweden,4,233,sweden,0,,,,
2011,sweden,4,234,italy,0,,,,
2011,sweden,4,239,italy,0,,,,
2011,sweden,4,245,sweden,0,,,,
2011,sweden,5,23,italy,24,31,25.4838709677,790,1 frö uppsprucket (ig)
2011,sweden,5,43,italy,19,14,32.8571428571,460,
2011,sweden,5,49,sweden,6,17,26.4705882353,450,
2011,sweden,5,80,italy,9,17,42.9411764706,730,
2011,sweden,5,86,italy,0,,,,
2011,sweden,5,95,italy,0,,,,
2011,sweden,5,108,sweden,8,14,35,490,
2011,sweden,5,162,italy,0,,,,
2011,sweden,5,196,sweden,12,24,26.6666666667,640,
2011,sweden,5,252,italy,0,,,,
2011,sweden,6,8,italy,0,,,,
2011,sweden,6,12,sweden,0,,,,
2011,sweden,6,58,italy,26,21,21.9047619048,460,
2011,sweden,6,83,sweden,0,,,,
2011,sweden,6,84,sweden,8,26,26.1538461538,680,
2011,sweden,6,85,sweden,11,25,25.2,630,
2011,sweden,6,103,italy,0,,,,
2011,sweden,6,127,italy,0,,,,
2011,sweden,6,133,sweden,0,,,,
2011,sweden,6,157,sweden,0,,,,
2011,sweden,6,165,italy,21,25,27.2,680,
2011,sweden,6,166,sweden,0,,,,
2011,sweden,6,214,italy,0,,,,
2011,sweden,6,223,sweden,0,,,,
2011,sweden,6,227,sweden,0,,,,
2011,sweden,6,234,italy,0,,,,
2011,sweden,7,59,italy,16,21,25.2380952381,530,
2011,sweden,7,75,italy,13,19,25.7894736842,490,
2011,sweden,7,99,sweden,2,,,,
2011,sweden,7,119,italy,0,,,,
2011,sweden,7,132,italy,35,34,20.5882352941,700,
2011,sweden,7,134,italy,50,33,23.9393939394,790,
2011,sweden,7,152,sweden,0,,,,
2011,sweden,7,203,italy,0,,,,
2011,sweden,8,22,italy,22,21,28.0952380952,590,
2011,sweden,8,43,italy,10,17,20.5882352941,350,
2011,sweden,8,112,italy,0,,,,
2011,sweden,8,144,sweden,0,,,,
2011,sweden,8,150,sweden,0,,,,
2011,sweden,8,179,sweden,64,36,30.2777777778,1090,
2011,sweden,8,202,italy,0,,,,
2011,sweden,8,214,italy,0,,,,
2011,sweden,8,236,italy,0,,,,
2011,sweden,8,251,sweden,0,,,,
2011,sweden,8,255,italy,0,,,,
2011,sweden,9,1,sweden,17,32,25.3125,810,4 gröna (g)
2011,sweden,9,38,italy,0,,,,
2011,sweden,9,52,italy,17,33,19.696969697,650,
2011,sweden,9,67,italy,0,,,,
2011,sweden,9,69,sweden,14,27,25.5555555556,690,1 uppsprucken (g)
2011,sweden,9,76,sweden,14,,,,
2011,sweden,9,96,italy,0,,,,
2011,sweden,9,98,sweden,6,,,,
2011,sweden,9,109,italy,0,,,,
2011,sweden,9,143,sweden,6,19,32.6315789474,620,
2011,sweden,9,150,italy,0,,,,
2011,sweden,9,157,italy,0,,,,
2011,sweden,9,185,italy,0,,,,
2011,sweden,9,203,sweden,0,,,,
2011,sweden,10,3,italy,24,35,27.1428571429,950,
2011,sweden,10,17,sweden,7,26,21.5384615385,560,
2011,sweden,10,25,sweden,6,24,19.5833333333,470,
2011,sweden,10,51,sweden,10,22,24.0909090909,530,
2011,sweden,10,70,italy,26,26,22.6923076923,590,
2011,sweden,10,77,sweden,12,25,22.8,570,
2011,sweden,10,88,italy,0,,,,
2011,sweden,10,114,sweden,8,,,,
2011,sweden,10,127,sweden,14,31,23.8709677419,740,
2011,sweden,10,144,sweden,7,32,33.4375,1070,
2011,sweden,10,219,sweden,8,24,32.5,780,1 grön (ig)
2011,sweden,10,241,sweden,21,31,34.1935483871,1060,
2011,sweden,10,259,sweden,34,30,22,660,3 uppspruckna (ig)
2011,sweden,11,12,sweden,12,27,26.6666666667,720,
2011,sweden,11,28,sweden,0,,,,
2011,sweden,11,47,sweden,6,15,29.3333333333,440,
2011,sweden,11,76,italy,4,21,21.4285714286,450,
2011,sweden,11,104,sweden,0,,,,
2011,sweden,11,139,sweden,0,,,,
2011,sweden,11,146,sweden,0,,,,
2011,sweden,11,174,italy,0,,,,
2011,sweden,11,179,italy,0,,,,
2011,sweden,11,199,sweden,5,,,,
2011,sweden,12,14,sweden,6,17,27.0588235294,460,
2011,sweden,12,16,italy,17,19,38.9473684211,740,
2011,sweden,12,29,sweden,7,18,26.6666666667,480,
2011,sweden,12,50,sweden,6,11,26.3636363636,290,
2011,sweden,12,85,italy,0,,,,
2011,sweden,12,96,italy,0,,,,
2011,sweden,12,98,sweden,10,22,25.9090909091,570,
2011,sweden,12,109,italy,0,,,,
2011,sweden,12,144,italy,0,,,,
2011,sweden,12,169,sweden,0,,,,
2011,sweden,12,232,sweden,0,,,,
2011,sweden,12,236,sweden,0,,,,
2011,sweden,13,4,italy,18,21,27.1428571429,570,
2011,sweden,13,30,italy,17,28,25,700,
2011,sweden,13,33,sweden,13,25,26,650,
2011,sweden,13,43,sweden,13,24,26.25,630,
2011,sweden,13,62,italy,5,,,,
2011,sweden,13,87,italy,0,,,,
2011,sweden,13,97,sweden,20,26,28.8461538462,750,
2011,sweden,13,98,italy,0,,,,
2011,sweden,13,158,italy,0,,,,
2011,sweden,13,166,sweden,0,,,,
2011,sweden,13,184,sweden,0,,,,
2011,sweden,13,243,sweden,0,,,,
2011,sweden,13,245,italy,0,,,,
2011,sweden,14,21,italy,38,30,23.6666666667,710,
2011,sweden,14,26,italy,7,26,25.7692307692,670,
2011,sweden,14,33,sweden,7,24,20.4166666667,490,
2011,sweden,14,52,sweden,0,,,,
2011,sweden,14,66,italy,5,,,,
2011,sweden,14,76,sweden,5,22,25.9090909091,570,
2011,sweden,14,99,sweden,2,,,,
2011,sweden,14,121,italy,0,,,,
2011,sweden,14,122,sweden,2,,,,
2011,sweden,14,128,sweden,14,27,27.7777777778,750,
2011,sweden,14,161,italy,0,,,,
2011,sweden,14,183,italy,0,,,,
2011,sweden,14,186,italy,0,,,,
2011,sweden,14,222,italy,0,,,,
2011,sweden,15,28,italy,3,11,10.9090909091,120,
2011,sweden,15,47,italy,7,29,23.7931034483,690,
2011,sweden,15,66,sweden,0,,,,
2011,sweden,15,132,sweden,0,,,,
2011,sweden,15,184,sweden,14,27,32.2222222222,870,
2011,sweden,15,198,italy,0,,,,
2011,sweden,15,199,sweden,0,,,,
2011,sweden,15,229,italy,0,,,,
2011,sweden,15,238,sweden,3,8,33.75,270,
2011,sweden,16,11,sweden,6,18,26.1111111111,470,
2011,sweden,16,21,italy,9,30,26.3333333333,790,
2011,sweden,16,47,italy,26,33,25.1515151515,830,
2011,sweden,16,90,sweden,3,17,10.5882352941,180,alla frön små (g)
2011,sweden,16,95,sweden,0,,,,
2011,sweden,16,99,sweden,26,28,26.0714285714,730,
2011,sweden,16,122,italy,0,,,,
2011,sweden,16,139,sweden,8,19,34.2105263158,650,
2011,sweden,16,163,sweden,21,21,26.6666666667,560,
2011,sweden,16,169,sweden,0,,,,
2011,sweden,16,240,sweden,0,,,,
2011,sweden,16,244,italy,0,,,,
2011,sweden,17,12,sweden,9,,,,
2011,sweden,17,15,italy,14,,,,
2011,sweden,17,30,sweden,8,,,,
2011,sweden,17,42,sweden,1,,,,
2011,sweden,17,57,sweden,13,,,,
2011,sweden,17,73,italy,18,,,,
2011,sweden,17,76,italy,0,,,,
2011,sweden,17,85,italy,0,,,,
2011,sweden,17,91,sweden,9,,,,
2011,sweden,17,98,italy,0,,,,
2011,sweden,17,132,italy,0,,,,
2011,sweden,17,142,italy,0,,,,
2011,sweden,17,171,sweden,0,,,,
2011,sweden,17,196,italy,0,,,,
2011,sweden,17,220,italy,0,,,,
2011,sweden,18,5,sweden,6,,,,
2011,sweden,18,19,sweden,5,,,,
2011,sweden,18,25,italy,4,,,,
2011,sweden,18,59,sweden,19,,,,
2011,sweden,18,64,sweden,7,,,,
2011,sweden,18,77,sweden,0,,,,
2011,sweden,18,138,italy,0,,,,
2011,sweden,18,142,italy,0,,,,
2011,sweden,18,148,italy,0,,,,
2011,sweden,18,157,sweden,0,,,,
2011,sweden,18,178,italy,0,,,,
2011,sweden,18,192,sweden,0,,,,
2011,sweden,18,225,sweden,0,,,,
2011,sweden,18,228,italy,0,,,,
2011,sweden,18,255,italy,0,,,,
2011,sweden,19,14,italy,0,,,,
2011,sweden,19,46,sweden,13,,,,
2011,sweden,19,53,sweden,18,,,,
2011,sweden,19,79,sweden,0,,,,
2011,sweden,19,97,sweden,6,,,,
2011,sweden,19,107,italy,0,,,,
2011,sweden,19,135,sweden,0,,,,
2011,sweden,19,180,italy,0,,,,
2011,sweden,19,229,italy,0,,,,
2011,sweden,20,1,italy,0,,,,
2011,sweden,20,31,italy,12,,,,
2011,sweden,20,43,italy,0,,,,
2011,sweden,20,58,italy,0,,,,
2011,sweden,20,59,sweden,3,,,,
2011,sweden,20,69,sweden,0,,,,
2011,sweden,20,80,italy,0,,,,
2011,sweden,20,90,sweden,0,,,,
2011,sweden,20,110,italy,0,,,,
2011,sweden,20,112,sweden,21,,,,
2011,sweden,20,120,italy,0,,,,
2011,sweden,20,146,sweden,0,,,,
2011,sweden,20,165,italy,0,,,,
2011,sweden,20,167,italy,0,,,,
2011,sweden,20,169,italy,0,,,,
2011,sweden,20,182,sweden,0,,,,
2011,sweden,20,190,italy,0,,,,
2011,sweden,20,229,italy,0,,,,
2011,sweden,21,9,sweden,10,,,,
2011,sweden,21,15,italy,12,,,,
2011,sweden,21,49,italy,0,,,,
2011,sweden,21,55,italy,0,,,,
2011,sweden,21,59,italy,0,,,,
2011,sweden,21,68,sweden,8,,,,
2011,sweden,21,76,sweden,12,,,,
2011,sweden,21,114,sweden,31,,,,
2011,sweden,21,163,sweden,0,,,,
2011,sweden,21,164,sweden,0,,,,
2011,sweden,21,167,italy,0,,,,
2011,sweden,21,206,sweden,0,,,,
2011,sweden,21,210,italy,0,,,,
2011,sweden,21,216,italy,0,,,,
2011,sweden,21,239,sweden,55,,,,
2011,sweden,21,250,sweden,0,,,,
2011,sweden,22,7,italy,10,,,,
2011,sweden,22,8,sweden,0,,,,
2011,sweden,22,16,sweden,5,,,,
2011,sweden,22,44,sweden,0,,,,
2011,sweden,22,72,italy,0,,,,
2011,sweden,22,108,sweden,8,,,,
2011,sweden,22,122,sweden,11,,,,
2011,sweden,22,131,italy,0,,,,
2011,sweden,22,155,italy,0,,,,
2011,sweden,22,190,sweden,0,,,,
2011,sweden,22,215,sweden,67,,,,
2011,sweden,22,257,italy,0,,,,
2011,sweden,23,5,italy,0,,,,
2011,sweden,23,32,sweden,13,,,,
2011,sweden,23,91,sweden,13,,,,
2011,sweden,23,178,italy,0,,,,
2011,sweden,23,219,italy,0,,,,
2011,sweden,24,5,italy,0,,,,
2011,sweden,24,7,italy,0,,,,
2011,sweden,24,39,sweden,8,,,,
2011,sweden,24,44,sweden,3,,,,
2011,sweden,24,52,sweden,8,,,,
2011,sweden,24,55,italy,17,,,,
2011,sweden,24,84,italy,0,,,,
2011,sweden,24,127,sweden,4,,,,
2011,sweden,24,137,italy,0,,,,
2011,sweden,24,147,italy,2,,,,
2011,sweden,24,186,sweden,0,,,,
2011,sweden,24,197,italy,0,,,,
2011,sweden,24,198,sweden,50,,,,
2011,sweden,24,203,italy,0,,,,
2011,sweden,24,234,italy,0,,,,
2011,sweden,24,253,italy,0,,,,
2011,sweden,25,26,sweden,19,,,,
2011,sweden,25,33,sweden,5,,,,
2011,sweden,25,38,italy,0,,,,
2011,sweden,25,52,sweden,15,,,,
2011,sweden,25,142,sweden,0,,,,
2011,sweden,25,148,sweden,30,,,,
2011,sweden,25,173,italy,0,,,,
2011,sweden,25,180,sweden,0,,,,
2011,sweden,25,232,sweden,0,,,,
2011,sweden,25,235,italy,17,,,,
2011,sweden,26,6,italy,28,,,,
2011,sweden,26,24,italy,0,,,,
2011,sweden,26,26,sweden,6,,,,
2011,sweden,26,53,sweden,0,,,,
2011,sweden,26,63,sweden,4,,,,
2011,sweden,26,83,italy,0,,,,
2011,sweden,26,91,sweden,14,,,,
2011,sweden,26,96,italy,0,,,,
2011,sweden,26,108,italy,2,,,,
2011,sweden,26,145,sweden,0,,,,
2011,sweden,26,209,sweden,9,,,,
2011,sweden,27,5,italy,12,,,,
2011,sweden,27,26,italy,0,,,,
2011,sweden,27,55,italy,0,,,,
2011,sweden,27,95,italy,0,,,,
2011,sweden,27,101,italy,0,,,,
2011,sweden,27,127,sweden,0,,,,
2011,sweden,27,133,sweden,22,,,,
2011,sweden,27,142,sweden,0,,,,
2011,sweden,27,156,italy,0,,,,
2011,sweden,27,161,italy,0,,,,
2011,sweden,27,167,sweden,35,,,,
2011,sweden,27,199,italy,0,,,,
2011,sweden,27,208,italy,0,,,,
2011,sweden,28,5,sweden,10,,,,
2011,sweden,28,70,sweden,5,,,,
2011,sweden,28,105,italy,0,,,,
2011,sweden,28,124,sweden,12,,,,
2011,sweden,28,146,italy,0,,,,
2011,sweden,28,169,italy,0,,,,
2011,sweden,28,174,italy,0,,,,
2011,sweden,28,195,sweden,0,,,,
2011,sweden,28,204,italy,0,,,,
2011,sweden,28,239,italy,0,,,,
2011,sweden,28,246,sweden,0,,,,
2011,sweden,29,1,sweden,15,,,,
2011,sweden,29,21,italy,6,,,,
2011,sweden,29,60,sweden,3,,,,
2011,sweden,29,138,italy,0,,,,
2011,sweden,29,154,sweden,12,,,,
2011,sweden,29,174,sweden,11,,,,
2011,sweden,29,191,sweden,12,,,,
2011,sweden,29,236,italy,0,,,,
2011,sweden,30,3,sweden,14,,,,
2011,sweden,30,6,sweden,12,,,,
2011,sweden,30,32,sweden,12,,,,
2011,sweden,30,66,sweden,9,,,,
2011,sweden,30,88,sweden,18,,,,
2011,sweden,30,147,italy,4,,,,
2011,sweden,30,170,italy,0,,,,
2011,sweden,30,204,sweden,10,,,,
2011,sweden,30,212,italy,0,,,,
